1.	Tampilkan data statistik jumlah tempat lahir pelanggan!
MariaDB [dbpos_sib6]> SELECT
    ->     tmp_lahir AS tempat_lahir,
    ->     COUNT(*) AS jumlah_pelanggan
    -> FROM pelanggan
    -> GROUP BY tmp_lahir;
+--------------+------------------+
| tempat_lahir | jumlah_pelanggan |
+--------------+------------------+
| Belfast      |                1 |
| Jakarta      |                3 |
| Kediri       |                2 |
| Pati         |                1 |
| Solo         |                1 |
| Surabaya     |                2 |
| Tangerang    |                1 |
| Yogyakarta   |                1 |
+--------------+------------------+
8 rows in set (0.001 sec)

2.	Tampilkan jumlah statistik produk berdasarkan jenis produk!
MariaDB [dbpos_sib6]> SELECT CASE
    -> WHEN jenis_produk_id = 1 THEN 'ELektronik'
    -> WHEN jenis_produk_id = 2 THEN 'Furniture'
    -> WHEN jenis_produk_id = 3 THEN 'Makanan'
    -> ELSE 'Minuman'
    -> END AS Jenis_Produk, SUM(stok) AS Jumlah_Produk FROM produk GROUP BY jenis_produk_id;
+--------------+---------------+
| Jenis_Produk | Jumlah_Produk |
+--------------+---------------+
| ELektronik   |            75 |
| Furniture    |             4 |
| Minuman      |            89 |
| Minuman      |            25 |
+--------------+---------------+
4 rows in set (0.001 sec)

3.	Tampilkan data pelanggan yang usianya dibawah rata usia pelanggan!
MariaDB [dbpos_sib6]> SELECT *, (YEAR(NOW())-YEAR(tgl_lahir)) AS umur FROM pelanggan
    -> WHERE (YEAR(NOW())-YEAR(tgl_lahir)) < (SELECT AVG((YEAR(NOW())-YEAR(tgl_lahir)))FROM pelanggan);
+----+-------+--------------------+----+-----------+------------+------------------+----------+------+
| id | kode  | nama               | jk | tmp_lahir | tgl_lahir  | email            | kartu_id | umur |
+----+-------+--------------------+----+-----------+------------+------------------+----------+------+
|  1 | C001  | Agung Sedayu Group | L  | Solo      | 2010-01-01 | sedayu@gmail.com |        1 |   14 |
|  9 | C009  | Ahmad Hasan        | L  | Surabaya  | 1992-10-15 | ahasan@gmail.com |        4 |   32 |
| 11 | K0010 | Andi Wijaya        | L  | Tangerang | 2023-11-07 | andi@gmail.com   |        2 |    1 |
| 12 | K0011 | Ira                | P  | Jakarta   | 2023-11-07 | ira@gmail.com    |        4 |    1 |
+----+-------+--------------------+----+-----------+------------+------------------+----------+------+
4 rows in set (0.001 sec)

4.	Tampilkan data produk yang harganya diatas rata-rata harga produk!
MariaDB [dbpos_sib6]> SELECT id, kode, nama, harga_jual FROM produk
    -> WHERE harga_jual > (SELECT AVG(harga_jual) FROM produk);
+----+--------+-------------------+------------+
| id | kode   | nama              | harga_jual |
+----+--------+-------------------+------------+
|  1 | TV01   | Televisi 21 inchs |   50500000 |
| 19 | TV0115 | Televisi 22 inc`  |   50500000 |
| 20 | TV0116 | Televisi 23 inc   |   50500000 |
| 21 | TV0117 | Televisi 24 inc   |   50500000 |
| 22 | TV0118 | Televisi 25 inc   |   50500000 |
| 24 | TV0120 | Televisi 27 inc   |   50500000 |
| 25 | TV0121 | Televisi 28 inc   |   50500000 |
| 26 | TV0122 | Televisi 29 inc   |   50500000 |
+----+--------+-------------------+------------+
8 rows in set (0.001 sec)

5.	Tampilkan data pelanggan yang memiliki kartu dimana iuran tahunan kartu diatas 90rb!
MariaDB [dbpos_sib6]> SELECT
    ->     p.id,
    ->     p.kode,
    ->     p.nama,
    ->     p.jk,
    ->     p.tmp_lahir,
    ->     p.tgl_lahir,
    ->     p.email,
    ->     p.kartu_id
    -> FROM
    ->     pelanggan p
    -> JOIN
    ->     kartu k ON p.kartu_id = k.id
    -> WHERE
    ->     k.iuran > 90000
    -> ;
+----+-------+--------------------+----+------------+------------+-------------------+----------+
| id | kode  | nama               | jk | tmp_lahir  | tgl_lahir  | email             | kartu_id |
+----+-------+--------------------+----+------------+------------+-------------------+----------+
|  1 | C001  | Agung Sedayu Group | L  | Solo       | 2010-01-01 | sedayu@gmail.com  |        1 |
|  2 | C002  | Pandan Wangi       | P  | Yogyakarta | 1950-01-01 | wangi@gmail.com   |        2 |
|  3 | C003  | Sekar Mirah        | P  | Kediri     | 1983-02-20 | mirah@yahoo.com   |        1 |
|  5 | C005  | Pradabashu         | L  | Pati       | 1985-04-02 | prada85@gmail.com |        2 |
|  6 | C006  | Gayatri Dwi        | P  | Jakarta    | 1987-11-28 | gaya87@gmail.com  |        1 |
|  7 | C007  | Dewi Gyat          | P  | Jakarta    | 1988-12-01 | giyat@gmail.com   |        1 |
| 10 | C010  | Cassanndra         | P  | Belfast    | 1990-11-20 | casa90@gmail.com  |        1 |
| 11 | K0010 | Andi Wijaya        | L  | Tangerang  | 2023-11-07 | andi@gmail.com    |        2 |
+----+-------+--------------------+----+------------+------------+-------------------+----------+
8 rows in set (0.000 sec)

6.	Tampilkan statistik data produk dimana harga produknya dibawah rata-rata harga produk secara keseluruhan!
MariaDB [dbpos_sib6]> select * from produk;
+----+--------+-------------------+------------+------------+------+----------+------------------------+---------------------------------------------------------------------------------------------------------------------------------------------------------------------------------------------------------------------+-----------------+
| id | kode   | nama              | harga_beli | harga_jual | stok | min_stok | foto                   | deskripsi                                                                                                                                                                                                           | jenis_produk_id |
+----+--------+-------------------+------------+------------+------+----------+------------------------+---------------------------------------------------------------------------------------------------------------------------------------------------------------------------------------------------------------------+-----------------+
|  1 | TV01   | Televisi 21 inchs |    3500000 |   50500000 |    5 |        2 |                        | NULL                                                                                                                                                                                                                |               1 |
|  2 | TV02   | Televisi 40 inch  |    5500000 |    7440000 |    4 |        2 | NULL                   | NULL                                                                                                                                                                                                                |               1 |
|  3 | K001   | Kulkas 2 pintu    |    3500000 |    4680000 |    6 |        2 |                        | NULL                                                                                                                                                                                                                |               1 |
|  4 | M001   | Meja Makan        |     500000 |     600000 |    4 |        3 | NULL                   | NULL                                                                                                                                                                                                                |               2 |
|  5 | TK01   | Teh Kotak         |       3000 |       3500 |    6 |       10 | foto-5.png             | NULL                                                                                                                                                                                                                |               4 |
|  6 | PC01   | PC Desktop HP     |    7000000 |    9984000 |    9 |        2 | NULL                   | NULL                                                                                                                                                                                                                |               5 |
|  7 | TB01   | Teh Botol         |       2000 |       2500 |   53 |       10 | foto-7.jpg             | NULL                                                                                                                                                                                                                |               4 |
|  8 | AC01   | Notebook Acer S   |    8000000 |   11232000 |    7 |        2 | NULL                   | NULL                                                                                                                                                                                                                |               5 |
|  9 | LN01   | Notebook Lenovo   |    9000000 |   12480000 |    9 |        2 | NULL                   | NULL                                                                                                                                                                                                                |               5 |
| 11 | L005   | Laptop Lenovo     |   13000000 |   16000000 |    5 |        2 |                        | NULL                                                                                                                                                                                                                |               1 |
| 15 | L112   | Kopi              |      20000 |      30000 |   10 |       15 | foto-15.png            | Luwak White Coffee merupakan bubuk biji kopi luwak yang dikombinasikan dengan gurihnya krimer serta manisnya gula. Keharuman kopi serta rasa manisnya yang pas juga membuat popularitas Luwak White Coffee melejit. |               4 |
| 16 | L113   | Teh Sosro 2       |      10000 |      15000 |   10 |       12 | .png                   | NULL                                                                                                                                                                                                                |               1 |
| 18 | L0015  | Laptop Asus       |    3000000 |    5000000 |   10 |       20 | foto-65542ffa66604.jpg | NULL                                                                                                                                                                                                                |               1 |
| 19 | TV0115 | Televisi 22 inc`  |    3500000 |   50500000 |    5 |        2 | NULL                   | NULL                                                                                                                                                                                                                |               1 |
| 20 | TV0116 | Televisi 23 inc   |    3500000 |   50500000 |    5 |        2 | NULL                   | NULL                                                                                                                                                                                                                |               1 |
| 21 | TV0117 | Televisi 24 inc   |    3500000 |   50500000 |    5 |        2 | NULL                   | NULL                                                                                                                                                                                                                |               1 |
| 22 | TV0118 | Televisi 25 inc   |    3500000 |   50500000 |    5 |        2 | NULL                   | NULL                                                                                                                                                                                                                |               1 |
| 24 | TV0120 | Televisi 27 inc   |    3500000 |   50500000 |    5 |        2 | NULL                   | NULL                                                                                                                                                                                                                |               1 |
| 25 | TV0121 | Televisi 28 inc   |    3500000 |   50500000 |    5 |        2 | NULL                   | NULL                                                                                                                                                                                                                |               1 |
| 26 | TV0122 | Televisi 29 inc   |    3500000 |   50500000 |    5 |        2 | NULL                   | NULL                                                                                                                                                                                                                |               1 |
| 27 | THP001 | Teh Pucuk         |       4000 |       5000 |   10 |        2 | pucuk.jpg              | Teh pucuk adalah                                                                                                                                                                                                    |               4 |
| 28 | THP002 | Teh Pucuk2        |       4000 |       5000 |   10 |        2 | pucuk.jpg              | Teh pucuk adalah                                                                                                                                                                                                    |               4 |
+----+--------+-------------------+------------+------------+------+----------+------------------------+---------------------------------------------------------------------------------------------------------------------------------------------------------------------------------------------------------------------+-----------------+
22 rows in set (0.000 sec)

MariaDB [dbpos_sib6]> SELECT * FROM produk WHERE harga_jual < (SELECT AVG(harga_jual) FROM produk);
+----+--------+------------------+------------+------------+------+----------+------------------------+---------------------------------------------------------------------------------------------------------------------------------------------------------------------------------------------------------------------+-----------------+
| id | kode   | nama             | harga_beli | harga_jual | stok | min_stok | foto                   | deskripsi                                                                                                                                                                                                           | jenis_produk_id |
+----+--------+------------------+------------+------------+------+----------+------------------------+---------------------------------------------------------------------------------------------------------------------------------------------------------------------------------------------------------------------+-----------------+
|  2 | TV02   | Televisi 40 inch |    5500000 |    7440000 |    4 |        2 | NULL                   | NULL                                                                                                                                                                                                                |               1 |
|  3 | K001   | Kulkas 2 pintu   |    3500000 |    4680000 |    6 |        2 |                        | NULL                                                                                                                                                                                                                |               1 |
|  4 | M001   | Meja Makan       |     500000 |     600000 |    4 |        3 | NULL                   | NULL                                                                                                                                                                                                                |               2 |
|  5 | TK01   | Teh Kotak        |       3000 |       3500 |    6 |       10 | foto-5.png             | NULL                                                                                                                                                                                                                |               4 |
|  6 | PC01   | PC Desktop HP    |    7000000 |    9984000 |    9 |        2 | NULL                   | NULL                                                                                                                                                                                                                |               5 |
|  7 | TB01   | Teh Botol        |       2000 |       2500 |   53 |       10 | foto-7.jpg             | NULL                                                                                                                                                                                                                |               4 |
|  8 | AC01   | Notebook Acer S  |    8000000 |   11232000 |    7 |        2 | NULL                   | NULL                                                                                                                                                                                                                |               5 |
|  9 | LN01   | Notebook Lenovo  |    9000000 |   12480000 |    9 |        2 | NULL                   | NULL                                                                                                                                                                                                                |               5 |
| 11 | L005   | Laptop Lenovo    |   13000000 |   16000000 |    5 |        2 |                        | NULL                                                                                                                                                                                                                |               1 |
| 15 | L112   | Kopi             |      20000 |      30000 |   10 |       15 | foto-15.png            | Luwak White Coffee merupakan bubuk biji kopi luwak yang dikombinasikan dengan gurihnya krimer serta manisnya gula. Keharuman kopi serta rasa manisnya yang pas juga membuat popularitas Luwak White Coffee melejit. |               4 |
| 16 | L113   | Teh Sosro 2      |      10000 |      15000 |   10 |       12 | .png                   | NULL                                                                                                                                                                                                                |               1 |
| 18 | L0015  | Laptop Asus      |    3000000 |    5000000 |   10 |       20 | foto-65542ffa66604.jpg | NULL                                                                                                                                                                                                                |               1 |
| 27 | THP001 | Teh Pucuk        |       4000 |       5000 |   10 |        2 | pucuk.jpg              | Teh pucuk adalah                                                                                                                                                                                                    |               4 |
| 28 | THP002 | Teh Pucuk2       |       4000 |       5000 |   10 |        2 | pucuk.jpg              | Teh pucuk adalah                                                                                                                                                                                                    |               4 |
+----+--------+------------------+------------+------------+------+----------+------------------------+---------------------------------------------------------------------------------------------------------------------------------------------------------------------------------------------------------------------+-----------------+
14 rows in set (0.000 sec)

7.	Tampilkan data pelanggan yang memiliki kartu dimana diskon kartu yang diberikan diatas 3%!
MariaDB [dbpos_sib6]> SELECT
    ->     p.id,
    ->     p.kode,
    ->     p.nama,
    ->     p.jk,
    ->     p.tmp_lahir,
    ->     p.tgl_lahir,
    ->     p.email,
    ->     p.kartu_id
    -> FROM
    ->     pelanggan p
    -> JOIN
    ->     kartu k ON p.kartu_id = k.id
    -> WHERE
    ->     k.diskon > 3;
Empty set (0.000 sec)
